{"cameraMode":{"drawMode":0,"name":"Shaded","section":"Shading Mode"},"sceneLighting":true,"audioPlay":false,"sceneViewState":{"showFog":true,"showMaterialUpdate":false,"showSkybox":true,"showFlares":true,"showImageEffects":true,"showParticleSystems":true},"in2DMode":false,"pivot":{"x":16.07569122314453,"y":35.101280212402347,"z":278.5712890625},"rotation":{"x":-0.07522842288017273,"y":0.018544701859354974,"z":-0.0013714524684473873,"w":-0.9970142245292664},"size":253.2348175048828,"orthographic":false}